{
  "rez_version": "2.104.8", 
  "num_success_resolves": 188, 
  "num_failed_resolves": 1, 
  "num_cpu": 2, 
  "min": 0.0007309913635253906, 
  "median": 1.3959507942199707, 
  "platform": "Linux-5.11.0-1028-azure-x86_64-with-debian-bullseye-sid", 
  "total_run_time": 439.67633509635925, 
  "num_error_resolves": 0, 
  "stddev": 2.423662579014188, 
  "max": 8.855252027511597, 
  "py_version": "2.7", 
  "rez_solver_version": 2, 
  "cpu": "Intel(R) Xeon(R) Platinum 8272CL CPU @ 2.60GHz", 
  "mean": 2.3361959964671035
}