{
  "rez_version": "2.79.0", 
  "num_success_resolves": 188, 
  "num_failed_resolves": 1, 
  "num_cpu": 2, 
  "min": 0.000993967056274414, 
  "median": 1.8805229663848877, 
  "platform": "Linux-5.4.0-1041-azure-x86_64-with-debian-bullseye-sid", 
  "total_run_time": 571.8223259449005, 
  "num_error_resolves": 0, 
  "stddev": 2.998101474495662, 
  "max": 10.782212018966675, 
  "py_version": "2.7", 
  "rez_solver_version": 2, 
  "cpu": "Intel(R) Xeon(R) CPU E5-2673 v4 @ 2.30GHz", 
  "mean": 3.0385507332517747
}