{
  "total_run_time": 316.9525656700134,
  "num_success_resolves": 188,
  "num_error_resolves": 0,
  "num_failed_resolves": 1,
  "rez_version": "2.103.4",
  "rez_solver_version": 2,
  "py_version": "3.7",
  "platform": "Linux-5.11.0-1022-azure-x86_64-with-debian-bullseye-sid",
  "num_cpu": 2,
  "cpu": "Intel(R) Xeon(R) Platinum 8272CL CPU @ 2.60GHz",
  "median": 0.8828072547912598,
  "mean": 1.683082939462459,
  "min": 0.0005977153778076172,
  "max": 6.924348831176758,
  "stddev": 1.778852435547781
}