{
  "total_run_time": 506.13852310180664,
  "num_success_resolves": 188,
  "num_error_resolves": 0,
  "num_failed_resolves": 1,
  "rez_version": "2.81.0",
  "rez_solver_version": 2,
  "py_version": "3.7",
  "platform": "Linux-5.4.0-1041-azure-x86_64-with-debian-bullseye-sid",
  "num_cpu": 2,
  "cpu": "Intel(R) Xeon(R) Platinum 8171M CPU @ 2.60GHz",
  "median": 1.6246533393859863,
  "mean": 2.6886198279705456,
  "min": 0.0009152889251708984,
  "max": 9.473522424697876,
  "stddev": 2.720378795938288
}