{
  "rez_version": "2.100.0", 
  "num_success_resolves": 188, 
  "num_failed_resolves": 1, 
  "num_cpu": 2, 
  "min": 0.0009098052978515625, 
  "median": 1.7397611141204834, 
  "platform": "Linux-5.11.0-1021-azure-x86_64-with-debian-bullseye-sid", 
  "total_run_time": 547.2189571857452, 
  "num_error_resolves": 0, 
  "stddev": 2.96410217089776, 
  "max": 10.446107149124146, 
  "py_version": "2.7", 
  "rez_solver_version": 2, 
  "cpu": "Intel(R) Xeon(R) Platinum 8171M CPU @ 2.60GHz", 
  "mean": 2.9077988609354546
}