{
  "rez_version": "2.86.1", 
  "num_success_resolves": 188, 
  "num_failed_resolves": 1, 
  "num_cpu": 2, 
  "min": 0.0008671283721923828, 
  "median": 1.6301329135894775, 
  "platform": "Linux-5.4.0-1046-azure-x86_64-with-debian-bullseye-sid", 
  "total_run_time": 525.9590089321136, 
  "num_error_resolves": 0, 
  "stddev": 2.836087024266828, 
  "max": 10.015475034713745, 
  "py_version": "2.7", 
  "rez_solver_version": 2, 
  "cpu": "Intel(R) Xeon(R) Platinum 8171M CPU @ 2.60GHz", 
  "mean": 2.79474882749801
}