{
  "total_run_time": 622.8776049613953,
  "num_success_resolves": 188,
  "num_error_resolves": 0,
  "num_failed_resolves": 1,
  "rez_version": "2.79.0",
  "rez_solver_version": 1,
  "py_version": "3.7",
  "platform": "Linux-5.4.0-1041-azure-x86_64-with-debian-bullseye-sid",
  "num_cpu": 2,
  "cpu": "Intel(R) Xeon(R) CPU E5-2673 v4 @ 2.30GHz",
  "median": 1.9402039051055908,
  "mean": 3.309043951491092,
  "min": 0.0009770393371582031,
  "max": 12.675277709960938,
  "stddev": 3.3809013415522844
}