{
  "rez_version": "2.90.2", 
  "num_success_resolves": 188, 
  "num_failed_resolves": 1, 
  "num_cpu": 2, 
  "min": 0.0008330345153808594, 
  "median": 1.6121411323547363, 
  "platform": "Linux-5.8.0-1033-azure-x86_64-with-debian-bullseye-sid", 
  "total_run_time": 512.2491328716278, 
  "num_error_resolves": 0, 
  "stddev": 2.7811515842580334, 
  "max": 9.913720846176147, 
  "py_version": "2.7", 
  "rez_solver_version": 2, 
  "cpu": "Intel(R) Xeon(R) Platinum 8171M CPU @ 2.60GHz", 
  "mean": 2.7219419327188046
}