{
  "total_run_time": 625.7754454612732,
  "num_success_resolves": 188,
  "num_error_resolves": 0,
  "num_failed_resolves": 1,
  "rez_version": "2.98.1",
  "rez_solver_version": 2,
  "py_version": "3.7",
  "platform": "Linux-5.11.0-1021-azure-x86_64-with-debian-bullseye-sid",
  "num_cpu": 2,
  "cpu": "Intel(R) Xeon(R) CPU E5-2673 v4 @ 2.30GHz",
  "median": 2.1879866123199463,
  "mean": 3.3243272444035146,
  "min": 0.0009679794311523438,
  "max": 12.335239887237549,
  "stddev": 3.317310876955299
}