{
  "rez_version": "2.104.5", 
  "num_success_resolves": 188, 
  "num_failed_resolves": 1, 
  "num_cpu": 2, 
  "min": 0.000659942626953125, 
  "median": 1.2139520645141602, 
  "platform": "Linux-5.11.0-1028-azure-x86_64-with-debian-bullseye-sid", 
  "total_run_time": 387.21906089782715, 
  "num_error_resolves": 0, 
  "stddev": 2.13296397149064, 
  "max": 7.74620795249939, 
  "py_version": "2.7", 
  "rez_solver_version": 2, 
  "cpu": "Intel(R) Xeon(R) Platinum 8272CL CPU @ 2.60GHz", 
  "mean": 2.0574593645461063
}