{
  "total_run_time": 515.1106929779053,
  "num_success_resolves": 188,
  "num_error_resolves": 0,
  "num_failed_resolves": 1,
  "rez_version": "2.88.0",
  "rez_solver_version": 2,
  "py_version": "3.7",
  "platform": "Linux-5.4.0-1046-azure-x86_64-with-debian-bullseye-sid",
  "num_cpu": 2,
  "cpu": "Intel(R) Xeon(R) CPU E5-2673 v3 @ 2.40GHz",
  "median": 1.5113677978515625,
  "mean": 2.736387715694752,
  "min": 0.0007884502410888672,
  "max": 9.872340679168701,
  "stddev": 2.7790667513838954
}