{
  "rez_version": "2.95.2", 
  "num_success_resolves": 188, 
  "num_failed_resolves": 1, 
  "num_cpu": 2, 
  "min": 0.0008301734924316406, 
  "median": 1.7090909481048584, 
  "platform": "Linux-5.8.0-1042-azure-x86_64-with-debian-bullseye-sid", 
  "total_run_time": 534.105535030365, 
  "num_error_resolves": 0, 
  "stddev": 2.8851633955486604, 
  "max": 10.156944990158081, 
  "py_version": "2.7", 
  "rez_solver_version": 2, 
  "cpu": "Intel(R) Xeon(R) Platinum 8171M CPU @ 2.60GHz", 
  "mean": 2.838061103161345
}