{
  "total_run_time": 571.7365100383759,
  "num_success_resolves": 188,
  "num_error_resolves": 0,
  "num_failed_resolves": 1,
  "rez_version": "2.81.2",
  "rez_solver_version": 2,
  "py_version": "3.7",
  "platform": "Linux-5.4.0-1043-azure-x86_64-with-debian-bullseye-sid",
  "num_cpu": 2,
  "cpu": "Intel(R) Xeon(R) CPU E5-2673 v4 @ 2.30GHz",
  "median": 1.7430083751678467,
  "mean": 3.0371733003474297,
  "min": 0.0007915496826171875,
  "max": 11.01577377319336,
  "stddev": 3.0798689856170265
}