{
  "total_run_time": 490.7232987880707,
  "num_success_resolves": 188,
  "num_error_resolves": 0,
  "num_failed_resolves": 1,
  "rez_version": "2.89.1",
  "rez_solver_version": 2,
  "py_version": "3.7",
  "platform": "Linux-5.4.0-1047-azure-x86_64-with-debian-bullseye-sid",
  "num_cpu": 2,
  "cpu": "Intel(R) Xeon(R) CPU E5-2673 v4 @ 2.30GHz",
  "median": 1.5580108165740967,
  "mean": 2.6068951005631305,
  "min": 0.0007548332214355469,
  "max": 9.214573621749878,
  "stddev": 2.6283965663214297
}