{
  "rez_version": "2.78.0", 
  "num_success_resolves": 188, 
  "num_failed_resolves": 1, 
  "num_cpu": 2, 
  "min": 0.0008759498596191406, 
  "median": 1.8146171569824219, 
  "platform": "Linux-5.4.0-1041-azure-x86_64-with-debian-bullseye-sid", 
  "total_run_time": 550.7273459434509, 
  "num_error_resolves": 0, 
  "stddev": 2.9200070574229717, 
  "max": 10.69684100151062, 
  "py_version": "2.7", 
  "rez_solver_version": 2, 
  "cpu": "Intel(R) Xeon(R) CPU E5-2673 v4 @ 2.30GHz", 
  "mean": 2.9264935686233198
}