{
  "rez_version": "2.78.0", 
  "num_success_resolves": 188, 
  "num_failed_resolves": 1, 
  "num_cpu": 2, 
  "min": 0.0009000301361083984, 
  "median": 1.646691083908081, 
  "platform": "Linux-5.4.0-1041-azure-x86_64-with-debian-bullseye-sid", 
  "total_run_time": 497.6695730686188, 
  "num_error_resolves": 0, 
  "stddev": 2.6326935296366982, 
  "max": 9.836559057235718, 
  "py_version": "2.7", 
  "rez_solver_version": 1, 
  "cpu": "Intel(R) Xeon(R) CPU E5-2673 v4 @ 2.30GHz", 
  "mean": 2.644631879126772
}