{
  "rez_version": "2.89.0", 
  "num_success_resolves": 188, 
  "num_failed_resolves": 1, 
  "num_cpu": 2, 
  "min": 0.00086212158203125, 
  "median": 1.6846609115600586, 
  "platform": "Linux-5.4.0-1047-azure-x86_64-with-debian-bullseye-sid", 
  "total_run_time": 548.8076751232147, 
  "num_error_resolves": 0, 
  "stddev": 2.9690386938731166, 
  "max": 10.332062005996704, 
  "py_version": "2.7", 
  "rez_solver_version": 2, 
  "cpu": "Intel(R) Xeon(R) Platinum 8171M CPU @ 2.60GHz", 
  "mean": 2.916144183341493
}