{
  "rez_version": "2.95.3", 
  "num_success_resolves": 188, 
  "num_failed_resolves": 1, 
  "num_cpu": 2, 
  "min": 0.0007460117340087891, 
  "median": 1.5156800746917725, 
  "platform": "Linux-5.8.0-1042-azure-x86_64-with-debian-bullseye-sid", 
  "total_run_time": 475.9443829059601, 
  "num_error_resolves": 0, 
  "stddev": 2.60016462885894, 
  "max": 9.486764907836914, 
  "py_version": "2.7", 
  "rez_solver_version": 2, 
  "cpu": "Intel(R) Xeon(R) Platinum 8272CL CPU @ 2.60GHz", 
  "mean": 2.5291428680115557
}