{
  "total_run_time": 498.87917947769165,
  "num_success_resolves": 188,
  "num_error_resolves": 0,
  "num_failed_resolves": 1,
  "rez_version": "2.93.3",
  "rez_solver_version": 2,
  "py_version": "3.7",
  "platform": "Linux-5.8.0-1039-azure-x86_64-with-debian-bullseye-sid",
  "num_cpu": 2,
  "cpu": "Intel(R) Xeon(R) CPU E5-2673 v4 @ 2.30GHz",
  "median": 1.5201716423034668,
  "mean": 2.6501747179538646,
  "min": 0.0009837150573730469,
  "max": 9.733910322189331,
  "stddev": 2.700281608349812
}