{
  "rez_version": "2.88.0", 
  "num_success_resolves": 188, 
  "num_failed_resolves": 1, 
  "num_cpu": 2, 
  "min": 0.0027899742126464844, 
  "median": 1.847649097442627, 
  "platform": "Linux-5.4.0-1046-azure-x86_64-with-debian-bullseye-sid", 
  "total_run_time": 588.4567670822144, 
  "num_error_resolves": 0, 
  "stddev": 3.139002600838355, 
  "max": 11.146430015563965, 
  "py_version": "2.7", 
  "rez_solver_version": 2, 
  "cpu": "Intel(R) Xeon(R) CPU E5-2673 v3 @ 2.40GHz", 
  "mean": 3.1269889232960155
}