{
  "total_run_time": 374.9910397529602,
  "num_success_resolves": 188,
  "num_error_resolves": 0,
  "num_failed_resolves": 1,
  "rez_version": "2.104.7",
  "rez_solver_version": 2,
  "py_version": "3.7",
  "platform": "Linux-5.11.0-1028-azure-x86_64-with-debian-bullseye-sid",
  "num_cpu": 2,
  "cpu": "Intel(R) Xeon(R) Platinum 8171M CPU @ 2.60GHz",
  "median": 1.044421672821045,
  "mean": 1.991065743121695,
  "min": 0.0007703304290771484,
  "max": 7.7067506313323975,
  "stddev": 2.059301771815798
}