{
  "total_run_time": 415.44079661369324,
  "num_success_resolves": 188,
  "num_error_resolves": 0,
  "num_failed_resolves": 1,
  "rez_version": "2.106.0",
  "rez_solver_version": 2,
  "py_version": "3.7",
  "platform": "Linux-5.11.0-1028-azure-x86_64-with-debian-bullseye-sid",
  "num_cpu": 2,
  "cpu": "Intel(R) Xeon(R) Platinum 8171M CPU @ 2.60GHz",
  "median": 1.1597952842712402,
  "mean": 2.2057372306255583,
  "min": 0.0007958412170410156,
  "max": 8.471617460250854,
  "stddev": 2.2579288221205696
}