{
  "total_run_time": 651.5069797039032,
  "num_success_resolves": 188,
  "num_error_resolves": 0,
  "num_failed_resolves": 1,
  "rez_version": "2.81.1",
  "rez_solver_version": 2,
  "py_version": "3.7",
  "platform": "Linux-5.4.0-1043-azure-x86_64-with-debian-bullseye-sid",
  "num_cpu": 2,
  "cpu": "Intel(R) Xeon(R) Platinum 8171M CPU @ 2.60GHz",
  "median": 1.6911988258361816,
  "mean": 3.4609314215944167,
  "min": 0.0009248256683349609,
  "max": 14.061233758926392,
  "stddev": 3.759750093913271
}