{
  "rez_version": "2.89.1", 
  "num_success_resolves": 188, 
  "num_failed_resolves": 1, 
  "num_cpu": 2, 
  "min": 0.0008549690246582031, 
  "median": 1.6198530197143555, 
  "platform": "Linux-5.4.0-1047-azure-x86_64-with-debian-bullseye-sid", 
  "total_run_time": 524.4256489276886, 
  "num_error_resolves": 0, 
  "stddev": 2.8299947392467653, 
  "max": 9.901884078979492, 
  "py_version": "2.7", 
  "rez_solver_version": 2, 
  "cpu": "Intel(R) Xeon(R) Platinum 8171M CPU @ 2.60GHz", 
  "mean": 2.786628340152984
}