{
  "total_run_time": 556.7743670940399,
  "num_success_resolves": 188,
  "num_error_resolves": 0,
  "num_failed_resolves": 1,
  "rez_version": "2.86.1",
  "rez_solver_version": 2,
  "py_version": "3.7",
  "platform": "Linux-5.4.0-1046-azure-x86_64-with-debian-bullseye-sid",
  "num_cpu": 2,
  "cpu": "Intel(R) Xeon(R) CPU E5-2673 v4 @ 2.30GHz",
  "median": 1.5955259799957275,
  "mean": 2.9578229429874012,
  "min": 0.0008280277252197266,
  "max": 10.602294206619263,
  "stddev": 3.039118528939423
}