{
  "rez_version": "2.78.0", 
  "num_success_resolves": 11, 
  "num_failed_resolves": 1, 
  "max": 0.3672521114349365, 
  "min": 0.004108905792236328, 
  "median": 0.058331966400146484, 
  "platform": "Linux-5.4.0-1040-azure-x86_64-with-debian-bullseye-sid", 
  "total_run_time": 1.0419831275939941, 
  "num_error_resolves": 0, 
  "stddev": 0.10242759731019378, 
  "py_version": "2.7", 
  "num_cpu": 2, 
  "cpu": "Intel(R) Xeon(R) CPU E5-2673 v4 @ 2.30GHz", 
  "mean": 0.09413775530728427
}