{
  "rez_version": "2.92.0", 
  "num_success_resolves": 188, 
  "num_failed_resolves": 1, 
  "num_cpu": 2, 
  "min": 0.0007791519165039062, 
  "median": 1.5299460887908936, 
  "platform": "Linux-5.8.0-1036-azure-x86_64-with-debian-bullseye-sid", 
  "total_run_time": 498.28419280052185, 
  "num_error_resolves": 0, 
  "stddev": 2.6776716143739425, 
  "max": 9.576915979385376, 
  "py_version": "2.7", 
  "rez_solver_version": 2, 
  "cpu": "Intel(R) Xeon(R) Platinum 8171M CPU @ 2.60GHz", 
  "mean": 2.647666124587363
}