{
  "total_run_time": 543.3265507221222,
  "num_success_resolves": 188,
  "num_error_resolves": 0,
  "num_failed_resolves": 1,
  "rez_version": "2.90.2",
  "rez_solver_version": 2,
  "py_version": "3.7",
  "platform": "Linux-5.8.0-1033-azure-x86_64-with-debian-bullseye-sid",
  "num_cpu": 2,
  "cpu": "Intel(R) Xeon(R) Platinum 8171M CPU @ 2.60GHz",
  "median": 1.577390193939209,
  "mean": 2.886225496200805,
  "min": 0.0008649826049804688,
  "max": 10.12406849861145,
  "stddev": 2.9491473910969717
}