{
  "rez_version": "2.90.1", 
  "num_success_resolves": 188, 
  "num_failed_resolves": 1, 
  "num_cpu": 2, 
  "min": 0.0010809898376464844, 
  "median": 1.5912528038024902, 
  "platform": "Linux-5.4.0-1047-azure-x86_64-with-debian-bullseye-sid", 
  "total_run_time": 518.3768270015717, 
  "num_error_resolves": 0, 
  "stddev": 2.8027655445013737, 
  "max": 9.917882919311523, 
  "py_version": "2.7", 
  "rez_solver_version": 2, 
  "cpu": "Intel(R) Xeon(R) Platinum 8171M CPU @ 2.60GHz", 
  "mean": 2.7544553381331425
}