{
  "rez_version": "2.93.3", 
  "num_success_resolves": 188, 
  "num_failed_resolves": 1, 
  "num_cpu": 2, 
  "min": 0.000743865966796875, 
  "median": 1.573038101196289, 
  "platform": "Linux-5.8.0-1039-azure-x86_64-with-debian-bullseye-sid", 
  "total_run_time": 497.86030411720276, 
  "num_error_resolves": 0, 
  "stddev": 2.703015570736334, 
  "max": 9.566638946533203, 
  "py_version": "2.7", 
  "rez_solver_version": 2, 
  "cpu": "Intel(R) Xeon(R) Platinum 8171M CPU @ 2.60GHz", 
  "mean": 2.6454452872276306
}