{
  "rez_version": "2.80.0", 
  "num_success_resolves": 188, 
  "num_failed_resolves": 1, 
  "num_cpu": 2, 
  "min": 0.0008051395416259766, 
  "median": 1.5871801376342773, 
  "platform": "Linux-5.4.0-1041-azure-x86_64-with-debian-bullseye-sid", 
  "total_run_time": 488.8510251045227, 
  "num_error_resolves": 0, 
  "stddev": 2.5798901779251846, 
  "max": 9.458566904067993, 
  "py_version": "2.7", 
  "rez_solver_version": 2, 
  "cpu": "Intel(R) Xeon(R) CPU E5-2673 v4 @ 2.30GHz", 
  "mean": 2.5977535019529627
}