{
  "rez_version": "2.110.0", 
  "num_success_resolves": 188, 
  "num_failed_resolves": 1, 
  "num_cpu": 2, 
  "min": 0.0006930828094482422, 
  "median": 1.3602371215820312, 
  "platform": "Linux-5.13.0-1023-azure-x86_64-with-debian-bullseye-sid", 
  "total_run_time": 438.821888923645, 
  "num_error_resolves": 0, 
  "stddev": 2.4384573450816833, 
  "max": 8.944068908691406, 
  "py_version": "2.7", 
  "rez_solver_version": 2, 
  "cpu": "Intel(R) Xeon(R) Platinum 8272CL CPU @ 2.60GHz", 
  "mean": 2.331626446957284
}