{
  "rez_version": "2.104.1", 
  "num_success_resolves": 188, 
  "num_failed_resolves": 1, 
  "num_cpu": 2, 
  "min": 0.0006909370422363281, 
  "median": 1.3415579795837402, 
  "platform": "Linux-5.11.0-1028-azure-x86_64-with-debian-bullseye-sid", 
  "total_run_time": 417.54489493370056, 
  "num_error_resolves": 0, 
  "stddev": 2.2839631814999013, 
  "max": 8.230126142501831, 
  "py_version": "2.7", 
  "rez_solver_version": 2, 
  "cpu": "Intel(R) Xeon(R) Platinum 8272CL CPU @ 2.60GHz", 
  "mean": 2.218524065423519
}