{
  "rez_version": "2.81.0", 
  "num_success_resolves": 188, 
  "num_failed_resolves": 1, 
  "num_cpu": 2, 
  "min": 0.0006661415100097656, 
  "median": 1.4867751598358154, 
  "platform": "Linux-5.4.0-1041-azure-x86_64-with-debian-bullseye-sid", 
  "total_run_time": 458.9231379032135, 
  "num_error_resolves": 0, 
  "stddev": 2.4647680144169937, 
  "max": 9.361752986907959, 
  "py_version": "2.7", 
  "rez_solver_version": 2, 
  "cpu": "Intel(R) Xeon(R) CPU E5-2673 v4 @ 2.30GHz", 
  "mean": 2.4387311402787555
}