{
  "rez_version": "2.104.6", 
  "num_success_resolves": 188, 
  "num_failed_resolves": 1, 
  "num_cpu": 2, 
  "min": 0.0007610321044921875, 
  "median": 1.3437840938568115, 
  "platform": "Linux-5.11.0-1028-azure-x86_64-with-debian-bullseye-sid", 
  "total_run_time": 431.67131304740906, 
  "num_error_resolves": 0, 
  "stddev": 2.41141584054728, 
  "max": 8.968283891677856, 
  "py_version": "2.7", 
  "rez_solver_version": 2, 
  "cpu": "Intel(R) Xeon(R) Platinum 8171M CPU @ 2.60GHz", 
  "mean": 2.293549021507831
}