{
  "rez_version": "2.78.0", 
  "num_success_resolves": 188, 
  "num_failed_resolves": 1, 
  "num_cpu": 2, 
  "min": 0.0008990764617919922, 
  "median": 1.734673023223877, 
  "platform": "Linux-5.4.0-1041-azure-x86_64-with-debian-bullseye-sid", 
  "total_run_time": 518.4476480484009, 
  "num_error_resolves": 0, 
  "stddev": 2.7148674294665835, 
  "max": 9.812423944473267, 
  "py_version": "2.7", 
  "rez_solver_version": 2, 
  "cpu": "Intel(R) Xeon(R) Platinum 8171M CPU @ 2.60GHz", 
  "mean": 2.7548322639566787
}