{
  "rez_version": "2.78.0", 
  "num_success_resolves": 6, 
  "num_failed_resolves": 1, 
  "num_cpu": 2, 
  "min": 0.003650188446044922, 
  "median": 0.05843806266784668, 
  "platform": "Linux-5.4.0-1041-azure-x86_64-with-debian-bullseye-sid", 
  "total_run_time": 0.5045359134674072, 
  "num_error_resolves": 0, 
  "stddev": 0.10636867513310129, 
  "max": 0.3095109462738037, 
  "py_version": "2.7", 
  "rez_solver_version": 2, 
  "cpu": "Intel(R) Xeon(R) Platinum 8272CL CPU @ 2.60GHz", 
  "mean": 0.0834868351618449
}