{
  "rez_version": "2.103.1", 
  "num_success_resolves": 188, 
  "num_failed_resolves": 1, 
  "num_cpu": 2, 
  "min": 0.0007450580596923828, 
  "median": 1.5316390991210938, 
  "platform": "Linux-5.11.0-1021-azure-x86_64-with-debian-bullseye-sid", 
  "total_run_time": 483.39529609680176, 
  "num_error_resolves": 0, 
  "stddev": 2.6695228524810592, 
  "max": 9.659073829650879, 
  "py_version": "2.7", 
  "rez_solver_version": 2, 
  "cpu": "Intel(R) Xeon(R) Platinum 8272CL CPU @ 2.60GHz", 
  "mean": 2.5687671633476907
}