{
  "rez_version": "2.96.0", 
  "num_success_resolves": 188, 
  "num_failed_resolves": 1, 
  "num_cpu": 2, 
  "min": 0.0006771087646484375, 
  "median": 1.3927638530731201, 
  "platform": "Linux-5.8.0-1042-azure-x86_64-with-debian-bullseye-sid", 
  "total_run_time": 442.84529304504395, 
  "num_error_resolves": 0, 
  "stddev": 2.4610347852663597, 
  "max": 9.239187002182007, 
  "py_version": "2.7", 
  "rez_solver_version": 2, 
  "cpu": "Intel(R) Xeon(R) Platinum 8272CL CPU @ 2.60GHz", 
  "mean": 2.3533453484799
}