{
  "rez_version": "2.107.0", 
  "num_success_resolves": 188, 
  "num_failed_resolves": 1, 
  "num_cpu": 2, 
  "min": 0.0008158683776855469, 
  "median": 1.4158079624176025, 
  "platform": "Linux-5.13.0-1017-azure-x86_64-with-debian-bullseye-sid", 
  "total_run_time": 476.57535791397095, 
  "num_error_resolves": 0, 
  "stddev": 2.6016068257611793, 
  "max": 9.422252893447876, 
  "py_version": "2.7", 
  "rez_solver_version": 2, 
  "cpu": "Intel(R) Xeon(R) Platinum 8171M CPU @ 2.60GHz", 
  "mean": 2.5320414342778794
}