{
  "rez_version": "2.78.0", 
  "num_success_resolves": 11, 
  "num_failed_resolves": 1, 
  "max": 0.38813090324401855, 
  "min": 0.0050029754638671875, 
  "median": 0.06712698936462402, 
  "platform": "Linux-5.4.0-1040-azure-x86_64-with-debian-bullseye-sid", 
  "total_run_time": 1.1250648498535156, 
  "num_error_resolves": 0, 
  "stddev": 0.11016909753245213, 
  "py_version": "2.7", 
  "num_cpu": 2, 
  "cpu": "Intel(R) Xeon(R) CPU E5-2673 v3 @ 2.40GHz", 
  "mean": 0.101654052734375
}