{
  "rez_version": "2.78.0", 
  "num_success_resolves": 11, 
  "num_failed_resolves": 1, 
  "max": 0.3415710926055908, 
  "min": 0.0039730072021484375, 
  "median": 0.06639909744262695, 
  "platform": "Linux-5.4.0-1040-azure-x86_64-with-debian-bullseye-sid", 
  "total_run_time": 0.989448070526123, 
  "num_error_resolves": 0, 
  "stddev": 0.09553889126108728, 
  "py_version": "2.7", 
  "num_cpu": 2, 
  "cpu": "Intel(R) Xeon(R) CPU E5-2673 v4 @ 2.30GHz", 
  "mean": 0.08940564502369273
}