{
  "rez_version": "2.78.0", 
  "num_success_resolves": 188, 
  "num_failed_resolves": 1, 
  "max": 11.109412908554077, 
  "min": 0.0009450912475585938, 
  "median": 1.944092035293579, 
  "platform": "Linux-5.4.0-1040-azure-x86_64-with-debian-bullseye-sid", 
  "total_run_time": 581.1555449962616, 
  "num_error_resolves": 0, 
  "stddev": 3.043350904292906, 
  "py_version": "2.7", 
  "num_cpu": 2, 
  "cpu": "Intel(R) Xeon(R) CPU E5-2673 v3 @ 2.40GHz", 
  "mean": 3.0881017383108746
}