{
  "total_run_time": 342.01056814193726,
  "num_success_resolves": 188,
  "num_error_resolves": 0,
  "num_failed_resolves": 1,
  "rez_version": "2.104.5",
  "rez_solver_version": 2,
  "py_version": "3.7",
  "platform": "Linux-5.11.0-1028-azure-x86_64-with-debian-bullseye-sid",
  "num_cpu": 2,
  "cpu": "Intel(R) Xeon(R) Platinum 8171M CPU @ 2.60GHz",
  "median": 0.9219491481781006,
  "mean": 1.8159591809232185,
  "min": 0.0006966590881347656,
  "max": 7.374948978424072,
  "stddev": 1.9170473474676633
}