{
  "total_run_time": 359.77618980407715,
  "num_success_resolves": 188,
  "num_error_resolves": 0,
  "num_failed_resolves": 1,
  "rez_version": "2.104.10",
  "rez_solver_version": 2,
  "py_version": "3.7",
  "platform": "Linux-5.11.0-1028-azure-x86_64-with-debian-bullseye-sid",
  "num_cpu": 2,
  "cpu": "Intel(R) Xeon(R) Platinum 8272CL CPU @ 2.60GHz",
  "median": 1.0118043422698975,
  "mean": 1.9104068228539,
  "min": 0.0007388591766357422,
  "max": 7.382984161376953,
  "stddev": 1.9764826758621172
}