{
  "total_run_time": 454.8604497909546,
  "num_success_resolves": 188,
  "num_error_resolves": 0,
  "num_failed_resolves": 1,
  "rez_version": "2.95.1",
  "rez_solver_version": 2,
  "py_version": "3.7",
  "platform": "Linux-5.8.0-1042-azure-x86_64-with-debian-bullseye-sid",
  "num_cpu": 2,
  "cpu": "Intel(R) Xeon(R) Platinum 8171M CPU @ 2.60GHz",
  "median": 1.2833688259124756,
  "mean": 2.4162563009464995,
  "min": 0.0007472038269042969,
  "max": 8.752469301223755,
  "stddev": 2.4920903371894987
}