{
  "rez_version": "2.84.0", 
  "num_success_resolves": 188, 
  "num_failed_resolves": 1, 
  "num_cpu": 2, 
  "min": 0.0008280277252197266, 
  "median": 1.7625160217285156, 
  "platform": "Linux-5.4.0-1043-azure-x86_64-with-debian-bullseye-sid", 
  "total_run_time": 540.3497519493103, 
  "num_error_resolves": 0, 
  "stddev": 2.923504106730157, 
  "max": 10.373276948928833, 
  "py_version": "2.7", 
  "rez_solver_version": 2, 
  "cpu": "Intel(R) Xeon(R) Platinum 8171M CPU @ 2.60GHz", 
  "mean": 2.871287056740294
}