{
  "rez_version": "2.108.0", 
  "num_success_resolves": 188, 
  "num_failed_resolves": 1, 
  "num_cpu": 2, 
  "min": 0.0007917881011962891, 
  "median": 1.443284034729004, 
  "platform": "Linux-5.13.0-1021-azure-x86_64-with-debian-bullseye-sid", 
  "total_run_time": 449.152587890625, 
  "num_error_resolves": 0, 
  "stddev": 2.4157570873470338, 
  "max": 8.914985179901123, 
  "py_version": "2.7", 
  "rez_solver_version": 2, 
  "cpu": "Intel(R) Xeon(R) Platinum 8171M CPU @ 2.60GHz", 
  "mean": 2.3863424582684294
}