{
  "total_run_time": 530.2836022377014,
  "num_success_resolves": 188,
  "num_error_resolves": 0,
  "num_failed_resolves": 1,
  "rez_version": "2.78.0",
  "rez_solver_version": 2,
  "py_version": "3.7",
  "platform": "Linux-5.4.0-1041-azure-x86_64-with-debian-bullseye-sid",
  "num_cpu": 2,
  "cpu": "Intel(R) Xeon(R) Platinum 8171M CPU @ 2.60GHz",
  "median": 1.6727054119110107,
  "mean": 2.8168915966723826,
  "min": 0.0014224052429199219,
  "max": 10.08349323272705,
  "stddev": 2.8719557023819084
}