{
  "total_run_time": 541.3644268512726,
  "num_success_resolves": 188,
  "num_error_resolves": 0,
  "num_failed_resolves": 1,
  "rez_version": "2.78.0",
  "rez_solver_version": 1,
  "py_version": "3.7",
  "platform": "Linux-5.4.0-1041-azure-x86_64-with-debian-bullseye-sid",
  "num_cpu": 2,
  "cpu": "Intel(R) Xeon(R) CPU E5-2673 v3 @ 2.40GHz",
  "median": 1.7630772590637207,
  "mean": 2.8757410987894585,
  "min": 0.0008442401885986328,
  "max": 10.29188847541809,
  "stddev": 2.875502045218696
}