{
  "rez_version": "2.79.0", 
  "num_success_resolves": 188, 
  "num_failed_resolves": 1, 
  "num_cpu": 2, 
  "min": 0.0008711814880371094, 
  "median": 1.672706127166748, 
  "platform": "Linux-5.4.0-1041-azure-x86_64-with-debian-bullseye-sid", 
  "total_run_time": 521.7442669868469, 
  "num_error_resolves": 0, 
  "stddev": 2.795567437493978, 
  "max": 10.059185028076172, 
  "py_version": "2.7", 
  "rez_solver_version": 1, 
  "cpu": "Intel(R) Xeon(R) Platinum 8171M CPU @ 2.60GHz", 
  "mean": 2.772399251765393
}