{
  "num_success_resolves": 188, 
  "num_failed_resolves": 1, 
  "max": 7.488152027130127, 
  "min": 0.0006361007690429688, 
  "median": 1.2110400199890137, 
  "total_run_time": 382.502644777298, 
  "num_error_resolves": 0, 
  "stddev": 2.078012172873548, 
  "mean": 2.032186538615125
}