{
  "total_run_time": 418.26055550575256,
  "num_success_resolves": 188,
  "num_error_resolves": 0,
  "num_failed_resolves": 1,
  "rez_version": "2.105.0",
  "rez_solver_version": 2,
  "py_version": "3.7",
  "platform": "Linux-5.11.0-1028-azure-x86_64-with-debian-bullseye-sid",
  "num_cpu": 2,
  "cpu": "Intel(R) Xeon(R) CPU E5-2673 v3 @ 2.40GHz",
  "median": 1.2133045196533203,
  "mean": 2.220930151482846,
  "min": 0.0008976459503173828,
  "max": 8.491583108901978,
  "stddev": 2.2607999781686408
}