{
  "rez_version": "2.95.1", 
  "num_success_resolves": 188, 
  "num_failed_resolves": 1, 
  "num_cpu": 2, 
  "min": 0.0007500648498535156, 
  "median": 1.4717881679534912, 
  "platform": "Linux-5.8.0-1042-azure-x86_64-with-debian-bullseye-sid", 
  "total_run_time": 464.6360569000244, 
  "num_error_resolves": 0, 
  "stddev": 2.55123862741851, 
  "max": 9.465901851654053, 
  "py_version": "2.7", 
  "rez_solver_version": 2, 
  "cpu": "Intel(R) Xeon(R) Platinum 8171M CPU @ 2.60GHz", 
  "mean": 2.468983808730511
}