{
  "total_run_time": 511.81925535202026,
  "num_success_resolves": 188,
  "num_error_resolves": 0,
  "num_failed_resolves": 1,
  "rez_version": "2.98.3",
  "rez_solver_version": 2,
  "py_version": "3.7",
  "platform": "Linux-5.11.0-1021-azure-x86_64-with-debian-bullseye-sid",
  "num_cpu": 2,
  "cpu": "Intel(R) Xeon(R) CPU E5-2673 v4 @ 2.30GHz",
  "median": 1.7089438438415527,
  "mean": 2.71888082839073,
  "min": 0.0016446113586425781,
  "max": 10.068912267684937,
  "stddev": 2.727531608286578
}