{
  "rez_version": "2.98.3", 
  "num_success_resolves": 188, 
  "num_failed_resolves": 1, 
  "num_cpu": 2, 
  "min": 0.0008459091186523438, 
  "median": 1.664322853088379, 
  "platform": "Linux-5.11.0-1021-azure-x86_64-with-debian-bullseye-sid", 
  "total_run_time": 516.5527789592743, 
  "num_error_resolves": 0, 
  "stddev": 2.804987771426671, 
  "max": 10.164666891098022, 
  "py_version": "2.7", 
  "rez_solver_version": 2, 
  "cpu": "Intel(R) Xeon(R) CPU E5-2673 v4 @ 2.30GHz", 
  "mean": 2.744982544412004
}