{
  "rez_version": "2.100.1", 
  "num_success_resolves": 188, 
  "num_failed_resolves": 1, 
  "num_cpu": 2, 
  "min": 0.0007090568542480469, 
  "median": 1.4646940231323242, 
  "platform": "Linux-5.11.0-1021-azure-x86_64-with-debian-bullseye-sid", 
  "total_run_time": 459.9340829849243, 
  "num_error_resolves": 0, 
  "stddev": 2.51184810189251, 
  "max": 8.81686282157898, 
  "py_version": "2.7", 
  "rez_solver_version": 2, 
  "cpu": "Intel(R) Xeon(R) Platinum 8272CL CPU @ 2.60GHz", 
  "mean": 2.444000619523069
}