{
  "rez_version": "2.79.1", 
  "num_success_resolves": 188, 
  "num_failed_resolves": 1, 
  "num_cpu": 2, 
  "min": 0.0008988380432128906, 
  "median": 1.9199419021606445, 
  "platform": "Linux-5.4.0-1041-azure-x86_64-with-debian-bullseye-sid", 
  "total_run_time": 576.1829588413239, 
  "num_error_resolves": 0, 
  "stddev": 3.0273799002910886, 
  "max": 10.886261940002441, 
  "py_version": "2.7", 
  "rez_solver_version": 2, 
  "cpu": "Intel(R) Xeon(R) CPU E5-2673 v4 @ 2.30GHz", 
  "mean": 3.0617110462898904
}