{
  "total_run_time": 505.91131591796875,
  "num_success_resolves": 188,
  "num_error_resolves": 0,
  "num_failed_resolves": 1,
  "rez_version": "2.98.2",
  "rez_solver_version": 2,
  "py_version": "3.7",
  "platform": "Linux-5.11.0-1021-azure-x86_64-with-debian-bullseye-sid",
  "num_cpu": 2,
  "cpu": "Intel(R) Xeon(R) Platinum 8171M CPU @ 2.60GHz",
  "median": 1.7185378074645996,
  "mean": 2.6874249793113547,
  "min": 0.0007755756378173828,
  "max": 9.70587944984436,
  "stddev": 2.7237870759143097
}