{
  "rez_version": "2.83.0", 
  "num_success_resolves": 188, 
  "num_failed_resolves": 1, 
  "num_cpu": 2, 
  "min": 0.000823974609375, 
  "median": 1.7033600807189941, 
  "platform": "Linux-5.4.0-1043-azure-x86_64-with-debian-bullseye-sid", 
  "total_run_time": 530.6234459877014, 
  "num_error_resolves": 0, 
  "stddev": 2.864073428328794, 
  "max": 10.172733068466187, 
  "py_version": "2.7", 
  "rez_solver_version": 2, 
  "cpu": "Intel(R) Xeon(R) Platinum 8171M CPU @ 2.60GHz", 
  "mean": 2.8195637616705387
}