{
  "total_run_time": 382.6795334815979,
  "num_success_resolves": 188,
  "num_error_resolves": 0,
  "num_failed_resolves": 1,
  "rez_version": "2.112.0",
  "rez_solver_version": 2,
  "py_version": "3.7",
  "platform": "Linux-5.15.0-1022-azure-x86_64-with-debian-bullseye-sid",
  "num_cpu": 2,
  "cpu": "Intel(R) Xeon(R) Platinum 8171M CPU @ 2.60GHz",
  "median": 1.0896587371826172,
  "mean": 2.03176619397833,
  "min": 0.0007946491241455078,
  "max": 7.844776153564453,
  "stddev": 2.0953908258207363
}