{
  "rez_version": "2.104.4", 
  "num_success_resolves": 188, 
  "num_failed_resolves": 1, 
  "num_cpu": 2, 
  "min": 0.0006840229034423828, 
  "median": 1.3299880027770996, 
  "platform": "Linux-5.11.0-1028-azure-x86_64-with-debian-bullseye-sid", 
  "total_run_time": 425.27098393440247, 
  "num_error_resolves": 0, 
  "stddev": 2.3712304922077645, 
  "max": 8.79603099822998, 
  "py_version": "2.7", 
  "rez_solver_version": 2, 
  "cpu": "Intel(R) Xeon(R) Platinum 8272CL CPU @ 2.60GHz", 
  "mean": 2.259576514680335
}