{
  "rez_version": "2.103.2", 
  "num_success_resolves": 188, 
  "num_failed_resolves": 1, 
  "num_cpu": 2, 
  "min": 0.0008449554443359375, 
  "median": 1.5031349658966064, 
  "platform": "Linux-5.11.0-1022-azure-x86_64-with-debian-bullseye-sid", 
  "total_run_time": 481.49486017227173, 
  "num_error_resolves": 0, 
  "stddev": 2.6111823420511064, 
  "max": 9.921524047851562, 
  "py_version": "2.7", 
  "rez_solver_version": 2, 
  "cpu": "Intel(R) Xeon(R) Platinum 8171M CPU @ 2.60GHz", 
  "mean": 2.558584352757068
}