{
  "rez_version": "2.94.0", 
  "num_success_resolves": 188, 
  "num_failed_resolves": 1, 
  "num_cpu": 2, 
  "min": 0.0008330345153808594, 
  "median": 1.6833298206329346, 
  "platform": "Linux-5.8.0-1039-azure-x86_64-with-debian-bullseye-sid", 
  "total_run_time": 525.3257279396057, 
  "num_error_resolves": 0, 
  "stddev": 2.8323570441189685, 
  "max": 10.007586002349854, 
  "py_version": "2.7", 
  "rez_solver_version": 2, 
  "cpu": "Intel(R) Xeon(R) Platinum 8171M CPU @ 2.60GHz", 
  "mean": 2.7913655790876835
}