{
  "total_run_time": 378.93780875205994,
  "num_success_resolves": 188,
  "num_error_resolves": 0,
  "num_failed_resolves": 1,
  "rez_version": "2.104.1",
  "rez_solver_version": 2,
  "py_version": "3.7",
  "platform": "Linux-5.11.0-1028-azure-x86_64-with-debian-bullseye-sid",
  "num_cpu": 2,
  "cpu": "Intel(R) Xeon(R) Platinum 8171M CPU @ 2.60GHz",
  "median": 1.0692341327667236,
  "mean": 2.0119509899869876,
  "min": 0.0007171630859375,
  "max": 7.91133975982666,
  "stddev": 2.0804581679831418
}