{
  "total_run_time": 511.59063267707825,
  "num_success_resolves": 188,
  "num_error_resolves": 0,
  "num_failed_resolves": 1,
  "rez_version": "2.100.0",
  "rez_solver_version": 2,
  "py_version": "3.7",
  "platform": "Linux-5.11.0-1021-azure-x86_64-with-debian-bullseye-sid",
  "num_cpu": 2,
  "cpu": "Intel(R) Xeon(R) Platinum 8171M CPU @ 2.60GHz",
  "median": 1.6430330276489258,
  "mean": 2.7176308200714434,
  "min": 0.000774383544921875,
  "max": 9.890177726745605,
  "stddev": 2.7766068967916504
}