{
  "rez_version": "2.78.1", 
  "num_success_resolves": 188, 
  "num_failed_resolves": 1, 
  "num_cpu": 2, 
  "min": 0.0008900165557861328, 
  "median": 1.8347899913787842, 
  "platform": "Linux-5.4.0-1041-azure-x86_64-with-debian-bullseye-sid", 
  "total_run_time": 549.7706439495087, 
  "num_error_resolves": 0, 
  "stddev": 2.912399932264209, 
  "max": 10.95670485496521, 
  "py_version": "2.7", 
  "rez_solver_version": 2, 
  "cpu": "Intel(R) Xeon(R) Platinum 8171M CPU @ 2.60GHz", 
  "mean": 2.9212405909883215
}