{
  "total_run_time": 570.476256608963,
  "num_success_resolves": 188,
  "num_error_resolves": 0,
  "num_failed_resolves": 1,
  "rez_version": "2.93.1",
  "rez_solver_version": 2,
  "py_version": "3.7",
  "platform": "Linux-5.8.0-1039-azure-x86_64-with-debian-bullseye-sid",
  "num_cpu": 2,
  "cpu": "Intel(R) Xeon(R) CPU E5-2673 v4 @ 2.30GHz",
  "median": 1.7282612323760986,
  "mean": 3.030587707428222,
  "min": 0.0008502006530761719,
  "max": 10.799603939056396,
  "stddev": 3.0292599723981706
}