{
  "rez_version": "2.81.2", 
  "num_success_resolves": 188, 
  "num_failed_resolves": 1, 
  "num_cpu": 2, 
  "min": 0.0009319782257080078, 
  "median": 1.7901809215545654, 
  "platform": "Linux-5.4.0-1043-azure-x86_64-with-debian-bullseye-sid", 
  "total_run_time": 551.9993340969086, 
  "num_error_resolves": 0, 
  "stddev": 2.943350982525533, 
  "max": 10.628056049346924, 
  "py_version": "2.7", 
  "rez_solver_version": 2, 
  "cpu": "Intel(R) Xeon(R) CPU E5-2673 v3 @ 2.40GHz", 
  "mean": 2.9333253033617708
}