{
  "total_run_time": 1.0361008644104004,
  "num_success_resolves": 11,
  "num_error_resolves": 0,
  "num_failed_resolves": 1,
  "rez_version": "2.78.0",
  "py_version": "3.7",
  "platform": "Linux-5.4.0-1040-azure-x86_64-with-debian-bullseye-sid",
  "num_cpu": 2,
  "cpu": "Intel(R) Xeon(R) CPU E5-2673 v3 @ 2.40GHz",
  "median": 0.06820440292358398,
  "mean": 0.09332559325478294,
  "min": 0.004611492156982422,
  "max": 0.3619041442871094,
  "stddev": 0.101472998487686
}