{
  "total_run_time": 1.2324395179748535,
  "num_success_resolves": 11,
  "num_error_resolves": 0,
  "num_failed_resolves": 1,
  "rez_version": "2.78.0",
  "py_version": "3.7",
  "platform": "Linux-5.4.0-1040-azure-x86_64-with-debian-bullseye-sid",
  "num_cpu": 2,
  "cpu": "Intel(R) Xeon(R) CPU E5-2673 v4 @ 2.30GHz",
  "median": 0.07744073867797852,
  "mean": 0.11103421991521661,
  "min": 0.0048139095306396484,
  "max": 0.40418148040771484,
  "stddev": 0.11485074795969213
}