{
  "total_run_time": 572.5165059566498,
  "num_success_resolves": 188,
  "num_error_resolves": 0,
  "num_failed_resolves": 1,
  "rez_version": "2.78.0",
  "rez_solver_version": 2,
  "py_version": "3.7",
  "platform": "Linux-5.4.0-1041-azure-x86_64-with-debian-bullseye-sid",
  "num_cpu": 2,
  "cpu": "Intel(R) Xeon(R) CPU E5-2673 v4 @ 2.30GHz",
  "median": 1.839874505996704,
  "mean": 3.041349564460998,
  "min": 0.0009145736694335938,
  "max": 11.14124321937561,
  "stddev": 3.082212997478392
}