{
  "total_run_time": 0.7884366512298584,
  "num_success_resolves": 6,
  "num_error_resolves": 0,
  "num_failed_resolves": 1,
  "rez_version": "2.78.0",
  "rez_solver_version": 2,
  "py_version": "3.7",
  "platform": "Linux-5.4.0-1041-azure-x86_64-with-debian-bullseye-sid",
  "num_cpu": 2,
  "cpu": "Intel(R) Xeon(R) CPU E5-2673 v3 @ 2.40GHz",
  "median": 0.07961750030517578,
  "mean": 0.1305093765258789,
  "min": 0.004720211029052734,
  "max": 0.4046030044555664,
  "stddev": 0.15133721679266388
}