{
  "rez_version": "2.98.0", 
  "num_success_resolves": 188, 
  "num_failed_resolves": 1, 
  "num_cpu": 2, 
  "min": 0.0008368492126464844, 
  "median": 1.7345259189605713, 
  "platform": "Linux-5.8.0-1042-azure-x86_64-with-debian-bullseye-sid", 
  "total_run_time": 542.8901250362396, 
  "num_error_resolves": 0, 
  "stddev": 2.9309153754604274, 
  "max": 10.319563150405884, 
  "py_version": "2.7", 
  "rez_solver_version": 2, 
  "cpu": "Intel(R) Xeon(R) Platinum 8171M CPU @ 2.60GHz", 
  "mean": 2.884687749629325
}