{
  "rez_version": "2.103.3", 
  "num_success_resolves": 188, 
  "num_failed_resolves": 1, 
  "num_cpu": 2, 
  "min": 0.0006918907165527344, 
  "median": 1.3430712223052979, 
  "platform": "Linux-5.11.0-1022-azure-x86_64-with-debian-bullseye-sid", 
  "total_run_time": 493.0630819797516, 
  "num_error_resolves": 0, 
  "stddev": 2.84689919745172, 
  "max": 11.395071983337402, 
  "py_version": "2.7", 
  "rez_solver_version": 2, 
  "cpu": "Intel(R) Xeon(R) CPU E5-2673 v4 @ 2.30GHz", 
  "mean": 2.6198731673524733
}