{
  "total_run_time": 542.1302924156189,
  "num_success_resolves": 188,
  "num_error_resolves": 0,
  "num_failed_resolves": 1,
  "rez_version": "2.98.0",
  "rez_solver_version": 2,
  "py_version": "3.7",
  "platform": "Linux-5.8.0-1042-azure-x86_64-with-debian-bullseye-sid",
  "num_cpu": 2,
  "cpu": "Intel(R) Xeon(R) CPU E5-2673 v4 @ 2.30GHz",
  "median": 1.5435800552368164,
  "mean": 2.8800403691352683,
  "min": 0.0007290840148925781,
  "max": 10.745846271514893,
  "stddev": 2.9832233654692977
}