{
  "total_run_time": 492.2072787284851,
  "num_success_resolves": 188,
  "num_error_resolves": 0,
  "num_failed_resolves": 1,
  "rez_version": "2.95.3",
  "rez_solver_version": 2,
  "py_version": "3.7",
  "platform": "Linux-5.8.0-1042-azure-x86_64-with-debian-bullseye-sid",
  "num_cpu": 2,
  "cpu": "Intel(R) Xeon(R) Platinum 8272CL CPU @ 2.60GHz",
  "median": 1.396894931793213,
  "mean": 2.614794389998659,
  "min": 0.0008318424224853516,
  "max": 9.639731407165527,
  "stddev": 2.708164496216703
}