{
  "total_run_time": 602.7854950428009,
  "num_success_resolves": 188,
  "num_error_resolves": 0,
  "num_failed_resolves": 1,
  "rez_version": "2.103.1",
  "rez_solver_version": 2,
  "py_version": "3.7",
  "platform": "Linux-5.11.0-1021-azure-x86_64-with-debian-bullseye-sid",
  "num_cpu": 2,
  "cpu": "Intel(R) Xeon(R) CPU E5-2673 v4 @ 2.30GHz",
  "median": 1.8617277145385742,
  "mean": 3.202132100754596,
  "min": 0.0010075569152832031,
  "max": 11.69545602798462,
  "stddev": 3.235200819148779
}