{
  "rez_version": "2.78.0", 
  "num_success_resolves": 11, 
  "num_failed_resolves": 1, 
  "max": 0.3182871341705322, 
  "min": 0.0037689208984375, 
  "median": 0.0592808723449707, 
  "platform": "Linux-5.4.0-1040-azure-x86_64-with-debian-bullseye-sid", 
  "total_run_time": 0.9565441608428955, 
  "num_error_resolves": 0, 
  "stddev": 0.09166355311438672, 
  "py_version": "2.7", 
  "num_cpu": 2, 
  "cpu": "Intel(R) Xeon(R) CPU E5-2673 v4 @ 2.30GHz", 
  "mean": 0.08640792153098366
}