{
  "rez_version": "2.78.0", 
  "num_success_resolves": 11, 
  "num_failed_resolves": 1, 
  "max": 0.3796560764312744, 
  "min": 0.005630016326904297, 
  "median": 0.06407999992370605, 
  "platform": "Linux-5.4.0-1040-azure-x86_64-with-debian-bullseye-sid", 
  "total_run_time": 1.1305139064788818, 
  "num_error_resolves": 0, 
  "stddev": 0.10949583779493957, 
  "py_version": "2.7", 
  "num_cpu": 2, 
  "cpu": "Intel(R) Xeon(R) CPU E5-2673 v4 @ 2.30GHz", 
  "mean": 0.10206695036454634
}