{
  "rez_version": "2.78.0", 
  "num_success_resolves": 11, 
  "num_failed_resolves": 1, 
  "max": 0.4481511116027832, 
  "min": 0.006965160369873047, 
  "median": 0.08505702018737793, 
  "platform": "Linux-5.4.0-1040-azure-x86_64-with-debian-bullseye-sid", 
  "total_run_time": 1.3704779148101807, 
  "num_error_resolves": 0, 
  "stddev": 0.125744890773079, 
  "py_version": "2.7", 
  "num_cpu": 2, 
  "cpu": "Intel(R) Xeon(R) CPU E5-2673 v4 @ 2.30GHz", 
  "mean": 0.12360986796292392
}