{
  "rez_version": "2.105.0", 
  "num_success_resolves": 188, 
  "num_failed_resolves": 1, 
  "num_cpu": 2, 
  "min": 0.0006849765777587891, 
  "median": 1.3307170867919922, 
  "platform": "Linux-5.11.0-1028-azure-x86_64-with-debian-bullseye-sid", 
  "total_run_time": 424.57373094558716, 
  "num_error_resolves": 0, 
  "stddev": 2.3614368948958933, 
  "max": 8.723351001739502, 
  "py_version": "2.7", 
  "rez_solver_version": 2, 
  "cpu": "Intel(R) Xeon(R) Platinum 8272CL CPU @ 2.60GHz", 
  "mean": 2.2558855693391027
}