{
  "rez_version": "2.81.1", 
  "num_success_resolves": 188, 
  "num_failed_resolves": 1, 
  "num_cpu": 2, 
  "min": 0.0008358955383300781, 
  "median": 1.812432050704956, 
  "platform": "Linux-5.4.0-1043-azure-x86_64-with-debian-bullseye-sid", 
  "total_run_time": 559.9683091640472, 
  "num_error_resolves": 0, 
  "stddev": 2.981521308481128, 
  "max": 10.689424991607666, 
  "py_version": "2.7", 
  "rez_solver_version": 2, 
  "cpu": "Intel(R) Xeon(R) CPU E5-2673 v3 @ 2.40GHz", 
  "mean": 2.9755286523636353
}