{
  "rez_version": "2.112.0", 
  "num_success_resolves": 188, 
  "num_failed_resolves": 1, 
  "num_cpu": 2, 
  "min": 0.000682830810546875, 
  "median": 1.2685399055480957, 
  "platform": "Linux-5.15.0-1022-azure-x86_64-with-debian-bullseye-sid", 
  "total_run_time": 417.92891693115234, 
  "num_error_resolves": 0, 
  "stddev": 2.267000403215711, 
  "max": 8.25768518447876, 
  "py_version": "2.7", 
  "rez_solver_version": 2, 
  "cpu": "Intel(R) Xeon(R) Platinum 8272CL CPU @ 2.60GHz", 
  "mean": 2.220553768442032
}