{
  "total_run_time": 413.49983382225037,
  "num_success_resolves": 188,
  "num_error_resolves": 0,
  "num_failed_resolves": 1,
  "rez_version": "2.108.0",
  "rez_solver_version": 2,
  "py_version": "3.7",
  "platform": "Linux-5.13.0-1021-azure-x86_64-with-debian-bullseye-sid",
  "num_cpu": 2,
  "cpu": "Intel(R) Xeon(R) Platinum 8171M CPU @ 2.60GHz",
  "median": 1.1858837604522705,
  "mean": 2.1954696774482727,
  "min": 0.000766754150390625,
  "max": 8.35054326057434,
  "stddev": 2.251886198655108
}