{
  "total_run_time": 522.2427337169647,
  "num_success_resolves": 188,
  "num_error_resolves": 0,
  "num_failed_resolves": 1,
  "rez_version": "2.79.1",
  "rez_solver_version": 2,
  "py_version": "3.7",
  "platform": "Linux-5.4.0-1041-azure-x86_64-with-debian-bullseye-sid",
  "num_cpu": 2,
  "cpu": "Intel(R) Xeon(R) Platinum 8171M CPU @ 2.60GHz",
  "median": 1.6564321517944336,
  "mean": 2.774208257807062,
  "min": 0.000865936279296875,
  "max": 10.019466161727905,
  "stddev": 2.81493242282158
}