{
  "total_run_time": 457.7588279247284,
  "num_success_resolves": 188,
  "num_error_resolves": 0,
  "num_failed_resolves": 1,
  "rez_version": "2.104.0",
  "rez_solver_version": 2,
  "py_version": "3.7",
  "platform": "Linux-5.11.0-1028-azure-x86_64-with-debian-bullseye-sid",
  "num_cpu": 2,
  "cpu": "Intel(R) Xeon(R) CPU E5-2673 v4 @ 2.30GHz",
  "median": 1.32619309425354,
  "mean": 2.4306843686611095,
  "min": 0.0008602142333984375,
  "max": 9.190379858016968,
  "stddev": 2.4718835038376215
}